amfi_code,tracking_error
100016,0.19928360293890288
100025,0.1345351441558559
100033,0.22869942052083106
101206,0.1927064051369653
101207,0.2921174251929163
